,Survived,Pclass,Sex,Age,Ticket,Fare,Embarked,family
0,0,3,1,22.0,A/5 21171,7.25,S,1
1,1,1,0,38.0,PC 17599,71.2833,C,1
2,1,3,0,26.0,STON/O2. 3101282,7.925,S,0
3,1,1,0,35.0,113803,53.1,S,1
4,0,3,1,35.0,373450,8.05,S,0
5,0,3,1,29.69911764705882,330877,8.4583,Q,0
6,0,1,1,54.0,17463,51.8625,S,0
7,0,3,1,2.0,349909,21.075,S,4
8,1,3,0,27.0,347742,11.1333,S,2
9,1,2,0,14.0,237736,30.0708,C,1
10,1,3,0,4.0,PP 9549,16.7,S,2
11,1,1,0,58.0,113783,26.55,S,0
12,0,3,1,20.0,A/5. 2151,8.05,S,0
13,0,3,1,39.0,347082,31.275,S,6
14,0,3,0,14.0,350406,7.8542,S,0
15,1,2,0,55.0,248706,16.0,S,0
16,0,3,1,2.0,382652,29.125,Q,5
17,1,2,1,29.69911764705882,244373,13.0,S,0
18,0,3,0,31.0,345763,18.0,S,1
19,1,3,0,29.69911764705882,2649,7.225,C,0
20,0,2,1,35.0,239865,26.0,S,0
21,1,2,1,34.0,248698,13.0,S,0
22,1,3,0,15.0,330923,8.0292,Q,0
23,1,1,1,28.0,113788,35.5,S,0
24,0,3,0,8.0,349909,21.075,S,4
25,1,3,0,38.0,347077,31.3875,S,6
26,0,3,1,29.69911764705882,2631,7.225,C,0
27,0,1,1,19.0,19950,263.0,S,5
28,1,3,0,29.69911764705882,330959,7.8792,Q,0
29,0,3,1,29.69911764705882,349216,7.8958,S,0
30,0,1,1,40.0,PC 17601,27.7208,C,0
31,1,1,0,29.69911764705882,PC 17569,146.5208,C,1
32,1,3,0,29.69911764705882,335677,7.75,Q,0
33,0,2,1,66.0,C.A. 24579,10.5,S,0
34,0,1,1,28.0,PC 17604,82.1708,C,1
35,0,1,1,42.0,113789,52.0,S,1
36,1,3,1,29.69911764705882,2677,7.2292,C,0
37,0,3,1,21.0,A./5. 2152,8.05,S,0
38,0,3,0,18.0,345764,18.0,S,2
39,1,3,0,14.0,2651,11.2417,C,1
40,0,3,0,40.0,7546,9.475,S,1
41,0,2,0,27.0,11668,21.0,S,1
42,0,3,1,29.69911764705882,349253,7.8958,C,0
43,1,2,0,3.0,SC/Paris 2123,41.5792,C,3
44,1,3,0,19.0,330958,7.8792,Q,0
45,0,3,1,29.69911764705882,S.C./A.4. 23567,8.05,S,0
46,0,3,1,29.69911764705882,370371,15.5,Q,1
47,1,3,0,29.69911764705882,14311,7.75,Q,0
48,0,3,1,29.69911764705882,2662,21.6792,C,2
49,0,3,0,18.0,349237,17.8,S,1
50,0,3,1,7.0,3101295,39.6875,S,5
51,0,3,1,21.0,A/4. 39886,7.8,S,0
52,1,1,0,49.0,PC 17572,76.7292,C,1
53,1,2,0,29.0,2926,26.0,S,1
54,0,1,1,65.0,113509,61.9792,C,1
55,1,1,1,29.69911764705882,19947,35.5,S,0
56,1,2,0,21.0,C.A. 31026,10.5,S,0
57,0,3,1,28.5,2697,7.2292,C,0
58,1,2,0,5.0,C.A. 34651,27.75,S,3
59,0,3,1,11.0,CA 2144,46.9,S,7
60,0,3,1,22.0,2669,7.2292,C,0
61,1,1,0,38.0,113572,80.0,S,0
62,0,1,1,45.0,36973,83.475,S,1
63,0,3,1,4.0,347088,27.9,S,5
64,0,1,1,29.69911764705882,PC 17605,27.7208,C,0
65,1,3,1,29.69911764705882,2661,15.2458,C,2
66,1,2,0,29.0,C.A. 29395,10.5,S,0
67,0,3,1,19.0,S.P. 3464,8.1583,S,0
68,1,3,0,17.0,3101281,7.925,S,6
69,0,3,1,26.0,315151,8.6625,S,2
70,0,2,1,32.0,C.A. 33111,10.5,S,0
71,0,3,0,16.0,CA 2144,46.9,S,7
72,0,2,1,21.0,S.O.C. 14879,73.5,S,0
73,0,3,1,26.0,2680,14.4542,C,1
74,1,3,1,32.0,1601,56.4958,S,0
75,0,3,1,25.0,348123,7.65,S,0
76,0,3,1,29.69911764705882,349208,7.8958,S,0
77,0,3,1,29.69911764705882,374746,8.05,S,0
78,1,2,1,0.83,248738,29.0,S,2
79,1,3,0,30.0,364516,12.475,S,0
80,0,3,1,22.0,345767,9.0,S,0
81,1,3,1,29.0,345779,9.5,S,0
82,1,3,0,29.69911764705882,330932,7.7875,Q,0
83,0,1,1,28.0,113059,47.1,S,0
84,1,2,0,17.0,SO/C 14885,10.5,S,0
85,1,3,0,33.0,3101278,15.85,S,3
86,0,3,1,16.0,W./C. 6608,34.375,S,4
87,0,3,1,29.69911764705882,SOTON/OQ 392086,8.05,S,0
88,1,1,0,23.0,19950,263.0,S,5
89,0,3,1,24.0,343275,8.05,S,0
90,0,3,1,29.0,343276,8.05,S,0
91,0,3,1,20.0,347466,7.8542,S,0
92,0,1,1,46.0,W.E.P. 5734,61.175,S,1
93,0,3,1,26.0,C.A. 2315,20.575,S,3
94,0,3,1,59.0,364500,7.25,S,0
95,0,3,1,29.69911764705882,374910,8.05,S,0
96,0,1,1,71.0,PC 17754,34.6542,C,0
97,1,1,1,23.0,PC 17759,63.3583,C,1
98,1,2,0,34.0,231919,23.0,S,1
99,0,2,1,34.0,244367,26.0,S,1
100,0,3,0,28.0,349245,7.8958,S,0
101,0,3,1,29.69911764705882,349215,7.8958,S,0
102,0,1,1,21.0,35281,77.2875,S,1
103,0,3,1,33.0,7540,8.6542,S,0
104,0,3,1,37.0,3101276,7.925,S,2
105,0,3,1,28.0,349207,7.8958,S,0
106,1,3,0,21.0,343120,7.65,S,0
107,1,3,1,29.69911764705882,312991,7.775,S,0
108,0,3,1,38.0,349249,7.8958,S,0
109,1,3,0,29.69911764705882,371110,24.15,Q,1
110,0,1,1,47.0,110465,52.0,S,0
111,0,3,0,14.5,2665,14.4542,C,1
112,0,3,1,22.0,324669,8.05,S,0
113,0,3,0,20.0,4136,9.825,S,1
114,0,3,0,17.0,2627,14.4583,C,0
115,0,3,1,21.0,STON/O 2. 3101294,7.925,S,0
116,0,3,1,70.5,370369,7.75,Q,0
117,0,2,1,29.0,11668,21.0,S,1
118,0,1,1,24.0,PC 17558,247.5208,C,1
119,0,3,0,2.0,347082,31.275,S,6
120,0,2,1,21.0,S.O.C. 14879,73.5,S,2
121,0,3,1,29.69911764705882,A4. 54510,8.05,S,0
122,0,2,1,32.5,237736,30.0708,C,1
123,1,2,0,32.5,27267,13.0,S,0
124,0,1,1,54.0,35281,77.2875,S,1
125,1,3,1,12.0,2651,11.2417,C,1
126,0,3,1,29.69911764705882,370372,7.75,Q,0
127,1,3,1,24.0,C 17369,7.1417,S,0
128,1,3,0,29.69911764705882,2668,22.3583,C,2
129,0,3,1,45.0,347061,6.975,S,0
130,0,3,1,33.0,349241,7.8958,C,0
131,0,3,1,20.0,SOTON/O.Q. 3101307,7.05,S,0
132,0,3,0,47.0,A/5. 3337,14.5,S,1
133,1,2,0,29.0,228414,26.0,S,1
134,0,2,1,25.0,C.A. 29178,13.0,S,0
135,0,2,1,23.0,SC/PARIS 2133,15.0458,C,0
136,1,1,0,19.0,11752,26.2833,S,2
137,0,1,1,37.0,113803,53.1,S,1
138,0,3,1,16.0,7534,9.2167,S,0
139,0,1,1,24.0,PC 17593,79.2,C,0
140,0,3,0,29.69911764705882,2678,15.2458,C,2
141,1,3,0,22.0,347081,7.75,S,0
142,1,3,0,24.0,STON/O2. 3101279,15.85,S,1
143,0,3,1,19.0,365222,6.75,Q,0
144,0,2,1,18.0,231945,11.5,S,0
145,0,2,1,19.0,C.A. 33112,36.75,S,2
146,1,3,1,27.0,350043,7.7958,S,0
147,0,3,0,9.0,W./C. 6608,34.375,S,4
148,0,2,1,36.5,230080,26.0,S,2
149,0,2,1,42.0,244310,13.0,S,0
150,0,2,1,51.0,S.O.P. 1166,12.525,S,0
151,1,1,0,22.0,113776,66.6,S,1
152,0,3,1,55.5,A.5. 11206,8.05,S,0
153,0,3,1,40.5,A/5. 851,14.5,S,2
154,0,3,1,29.69911764705882,Fa 265302,7.3125,S,0
155,0,1,1,51.0,PC 17597,61.3792,C,1
156,1,3,0,16.0,35851,7.7333,Q,0
157,0,3,1,30.0,SOTON/OQ 392090,8.05,S,0
158,0,3,1,29.69911764705882,315037,8.6625,S,0
159,0,3,1,29.69911764705882,CA. 2343,69.55,S,10
160,0,3,1,44.0,371362,16.1,S,1
161,1,2,0,40.0,C.A. 33595,15.75,S,0
162,0,3,1,26.0,347068,7.775,S,0
163,0,3,1,17.0,315093,8.6625,S,0
164,0,3,1,1.0,3101295,39.6875,S,5
165,1,3,1,9.0,363291,20.525,S,2
166,1,1,0,29.69911764705882,113505,55.0,S,1
167,0,3,0,45.0,347088,27.9,S,5
168,0,1,1,29.69911764705882,PC 17318,25.925,S,0
169,0,3,1,28.0,1601,56.4958,S,0
170,0,1,1,61.0,111240,33.5,S,0
171,0,3,1,4.0,382652,29.125,Q,5
172,1,3,0,1.0,347742,11.1333,S,2
173,0,3,1,21.0,STON/O 2. 3101280,7.925,S,0
174,0,1,1,56.0,17764,30.6958,C,0
175,0,3,1,18.0,350404,7.8542,S,2
176,0,3,1,29.69911764705882,4133,25.4667,S,4
177,0,1,0,50.0,PC 17595,28.7125,C,0
178,0,2,1,30.0,250653,13.0,S,0
179,0,3,1,36.0,LINE,0.0,S,0
180,0,3,0,29.69911764705882,CA. 2343,69.55,S,10
181,0,2,1,29.69911764705882,SC/PARIS 2131,15.05,C,0
182,0,3,1,9.0,347077,31.3875,S,6
183,1,2,1,1.0,230136,39.0,S,3
184,1,3,0,4.0,315153,22.025,S,2
185,0,1,1,29.69911764705882,113767,50.0,S,0
186,1,3,0,29.69911764705882,370365,15.5,Q,1
187,1,1,1,45.0,111428,26.55,S,0
188,0,3,1,40.0,364849,15.5,Q,2
189,0,3,1,36.0,349247,7.8958,S,0
190,1,2,0,32.0,234604,13.0,S,0
191,0,2,1,19.0,28424,13.0,S,0
192,1,3,0,19.0,350046,7.8542,S,1
193,1,2,1,3.0,230080,26.0,S,2
194,1,1,0,44.0,PC 17610,27.7208,C,0
195,1,1,0,58.0,PC 17569,146.5208,C,0
196,0,3,1,29.69911764705882,368703,7.75,Q,0
197,0,3,1,42.0,4579,8.4042,S,1
198,1,3,0,29.69911764705882,370370,7.75,Q,0
199,0,2,0,24.0,248747,13.0,S,0
200,0,3,1,28.0,345770,9.5,S,0
201,0,3,1,29.69911764705882,CA. 2343,69.55,S,10
202,0,3,1,34.0,3101264,6.4958,S,0
203,0,3,1,45.5,2628,7.225,C,0
204,1,3,1,18.0,A/5 3540,8.05,S,0
205,0,3,0,2.0,347054,10.4625,S,1
206,0,3,1,32.0,3101278,15.85,S,1
207,1,3,1,26.0,2699,18.7875,C,0
208,1,3,0,16.0,367231,7.75,Q,0
209,1,1,1,40.0,112277,31.0,C,0
210,0,3,1,24.0,SOTON/O.Q. 3101311,7.05,S,0
211,1,2,0,35.0,F.C.C. 13528,21.0,S,0
212,0,3,1,22.0,A/5 21174,7.25,S,0
213,0,2,1,30.0,250646,13.0,S,0
214,0,3,1,29.69911764705882,367229,7.75,Q,1
215,1,1,0,31.0,35273,113.275,C,1
216,1,3,0,27.0,STON/O2. 3101283,7.925,S,0
217,0,2,1,42.0,243847,27.0,S,1
218,1,1,0,32.0,11813,76.2917,C,0
219,0,2,1,30.0,W/C 14208,10.5,S,0
220,1,3,1,16.0,SOTON/OQ 392089,8.05,S,0
221,0,2,1,27.0,220367,13.0,S,0
222,0,3,1,51.0,21440,8.05,S,0
223,0,3,1,29.69911764705882,349234,7.8958,S,0
224,1,1,1,38.0,19943,90.0,S,1
225,0,3,1,22.0,PP 4348,9.35,S,0
226,1,2,1,19.0,SW/PP 751,10.5,S,0
227,0,3,1,20.5,A/5 21173,7.25,S,0
228,0,2,1,18.0,236171,13.0,S,0
229,0,3,0,29.69911764705882,4133,25.4667,S,4
230,1,1,0,35.0,36973,83.475,S,1
231,0,3,1,29.0,347067,7.775,S,0
232,0,2,1,59.0,237442,13.5,S,0
233,1,3,0,5.0,347077,31.3875,S,6
234,0,2,1,24.0,C.A. 29566,10.5,S,0
235,0,3,0,29.69911764705882,W./C. 6609,7.55,S,0
236,0,2,1,44.0,26707,26.0,S,1
237,1,2,0,8.0,C.A. 31921,26.25,S,2
238,0,2,1,19.0,28665,10.5,S,0
239,0,2,1,33.0,SCO/W 1585,12.275,S,0
240,0,3,0,29.69911764705882,2665,14.4542,C,1
241,1,3,0,29.69911764705882,367230,15.5,Q,1
242,0,2,1,29.0,W./C. 14263,10.5,S,0
243,0,3,1,22.0,STON/O 2. 3101275,7.125,S,0
244,0,3,1,30.0,2694,7.225,C,0
245,0,1,1,44.0,19928,90.0,Q,2
246,0,3,0,25.0,347071,7.775,S,0
247,1,2,0,24.0,250649,14.5,S,2
248,1,1,1,37.0,11751,52.5542,S,2
249,0,2,1,54.0,244252,26.0,S,1
250,0,3,1,29.69911764705882,362316,7.25,S,0
251,0,3,0,29.0,347054,10.4625,S,2
252,0,1,1,62.0,113514,26.55,S,0
253,0,3,1,30.0,A/5. 3336,16.1,S,1
254,0,3,0,41.0,370129,20.2125,S,2
255,1,3,0,29.0,2650,15.2458,C,2
256,1,1,0,29.69911764705882,PC 17585,79.2,C,0
257,1,1,0,30.0,110152,86.5,S,0
258,1,1,0,35.0,PC 17755,512.3292,C,0
259,1,2,0,50.0,230433,26.0,S,1
260,0,3,1,29.69911764705882,384461,7.75,Q,0
261,1,3,1,3.0,347077,31.3875,S,6
262,0,1,1,52.0,110413,79.65,S,2
263,0,1,1,40.0,112059,0.0,S,0
264,0,3,0,29.69911764705882,382649,7.75,Q,0
265,0,2,1,36.0,C.A. 17248,10.5,S,0
266,0,3,1,16.0,3101295,39.6875,S,5
267,1,3,1,25.0,347083,7.775,S,1
268,1,1,0,58.0,PC 17582,153.4625,S,1
269,1,1,0,35.0,PC 17760,135.6333,S,0
270,0,1,1,29.69911764705882,113798,31.0,S,0
271,1,3,1,25.0,LINE,0.0,S,0
272,1,2,0,41.0,250644,19.5,S,1
273,0,1,1,37.0,PC 17596,29.7,C,1
274,1,3,0,29.69911764705882,370375,7.75,Q,0
275,1,1,0,63.0,13502,77.9583,S,1
276,0,3,0,45.0,347073,7.75,S,0
277,0,2,1,29.69911764705882,239853,0.0,S,0
278,0,3,1,7.0,382652,29.125,Q,5
279,1,3,0,35.0,C.A. 2673,20.25,S,2
280,0,3,1,65.0,336439,7.75,Q,0
281,0,3,1,28.0,347464,7.8542,S,0
282,0,3,1,16.0,345778,9.5,S,0
283,1,3,1,19.0,A/5. 10482,8.05,S,0
284,0,1,1,29.69911764705882,113056,26.0,S,0
285,0,3,1,33.0,349239,8.6625,C,0
286,1,3,1,30.0,345774,9.5,S,0
287,0,3,1,22.0,349206,7.8958,S,0
288,1,2,1,42.0,237798,13.0,S,0
289,1,3,0,22.0,370373,7.75,Q,0
290,1,1,0,26.0,19877,78.85,S,0
291,1,1,0,19.0,11967,91.0792,C,1
292,0,2,1,36.0,SC/Paris 2163,12.875,C,0
293,0,3,0,24.0,349236,8.85,S,0
294,0,3,1,24.0,349233,7.8958,S,0
295,0,1,1,29.69911764705882,PC 17612,27.7208,C,0
296,0,3,1,23.5,2693,7.2292,C,0
297,0,1,0,2.0,113781,151.55,S,3
298,1,1,1,29.69911764705882,19988,30.5,S,0
299,1,1,0,50.0,PC 17558,247.5208,C,1
300,1,3,0,29.69911764705882,9234,7.75,Q,0
301,1,3,1,29.69911764705882,367226,23.25,Q,2
302,0,3,1,19.0,LINE,0.0,S,0
303,1,2,0,29.69911764705882,226593,12.35,Q,0
304,0,3,1,29.69911764705882,A/5 2466,8.05,S,0
305,1,1,1,0.92,113781,151.55,S,3
306,1,1,0,29.69911764705882,17421,110.8833,C,0
307,1,1,0,17.0,PC 17758,108.9,C,1
308,0,2,1,30.0,P/PP 3381,24.0,C,1
309,1,1,0,30.0,PC 17485,56.9292,C,0
310,1,1,0,24.0,11767,83.1583,C,0
311,1,1,0,18.0,PC 17608,262.375,C,4
312,0,2,0,26.0,250651,26.0,S,2
313,0,3,1,28.0,349243,7.8958,S,0
314,0,2,1,43.0,F.C.C. 13529,26.25,S,2
315,1,3,0,26.0,347470,7.8542,S,0
316,1,2,0,24.0,244367,26.0,S,1
317,0,2,1,54.0,29011,14.0,S,0
318,1,1,0,31.0,36928,164.8667,S,2
319,1,1,0,40.0,16966,134.5,C,2
320,0,3,1,22.0,A/5 21172,7.25,S,0
321,0,3,1,27.0,349219,7.8958,S,0
322,1,2,0,30.0,234818,12.35,Q,0
323,1,2,0,22.0,248738,29.0,S,2
324,0,3,1,29.69911764705882,CA. 2343,69.55,S,10
325,1,1,0,36.0,PC 17760,135.6333,C,0
326,0,3,1,61.0,345364,6.2375,S,0
327,1,2,0,36.0,28551,13.0,S,0
328,1,3,0,31.0,363291,20.525,S,2
329,1,1,0,16.0,111361,57.9792,C,1
330,1,3,0,29.69911764705882,367226,23.25,Q,2
331,0,1,1,45.5,113043,28.5,S,0
332,0,1,1,38.0,PC 17582,153.4625,S,1
333,0,3,1,16.0,345764,18.0,S,2
334,1,1,0,29.69911764705882,PC 17611,133.65,S,1
335,0,3,1,29.69911764705882,349225,7.8958,S,0
336,0,1,1,29.0,113776,66.6,S,1
337,1,1,0,41.0,16966,134.5,C,0
338,1,3,1,45.0,7598,8.05,S,0
339,0,1,1,45.0,113784,35.5,S,0
340,1,2,1,2.0,230080,26.0,S,2
341,1,1,0,24.0,19950,263.0,S,5
342,0,2,1,28.0,248740,13.0,S,0
343,0,2,1,25.0,244361,13.0,S,0
344,0,2,1,36.0,229236,13.0,S,0
345,1,2,0,24.0,248733,13.0,S,0
346,1,2,0,40.0,31418,13.0,S,0
347,1,3,0,29.69911764705882,386525,16.1,S,1
348,1,3,1,3.0,C.A. 37671,15.9,S,2
349,0,3,1,42.0,315088,8.6625,S,0
350,0,3,1,23.0,7267,9.225,S,0
351,0,1,1,29.69911764705882,113510,35.0,S,0
352,0,3,1,15.0,2695,7.2292,C,2
353,0,3,1,25.0,349237,17.8,S,1
354,0,3,1,29.69911764705882,2647,7.225,C,0
355,0,3,1,28.0,345783,9.5,S,0
356,1,1,0,22.0,113505,55.0,S,1
357,0,2,0,38.0,237671,13.0,S,0
358,1,3,0,29.69911764705882,330931,7.8792,Q,0
359,1,3,0,29.69911764705882,330980,7.8792,Q,0
360,0,3,1,40.0,347088,27.9,S,5
361,0,2,1,29.0,SC/PARIS 2167,27.7208,C,1
362,0,3,0,45.0,2691,14.4542,C,1
363,0,3,1,35.0,SOTON/O.Q. 3101310,7.05,S,0
364,0,3,1,29.69911764705882,370365,15.5,Q,1
365,0,3,1,30.0,C 7076,7.25,S,0
366,1,1,0,60.0,110813,75.25,C,1
367,1,3,0,29.69911764705882,2626,7.2292,C,0
368,1,3,0,29.69911764705882,14313,7.75,Q,0
369,1,1,0,24.0,PC 17477,69.3,C,0
370,1,1,1,25.0,11765,55.4417,C,1
371,0,3,1,18.0,3101267,6.4958,S,1
372,0,3,1,19.0,323951,8.05,S,0
373,0,1,1,22.0,PC 17760,135.6333,C,0
374,0,3,0,3.0,349909,21.075,S,4
375,1,1,0,29.69911764705882,PC 17604,82.1708,C,1
376,1,3,0,22.0,C 7077,7.25,S,0
377,0,1,1,27.0,113503,211.5,C,2
378,0,3,1,20.0,2648,4.0125,C,0
379,0,3,1,19.0,347069,7.775,S,0
380,1,1,0,42.0,PC 17757,227.525,C,0
381,1,3,0,1.0,2653,15.7417,C,2
382,0,3,1,32.0,STON/O 2. 3101293,7.925,S,0
383,1,1,0,35.0,113789,52.0,S,1
384,0,3,1,29.69911764705882,349227,7.8958,S,0
385,0,2,1,18.0,S.O.C. 14879,73.5,S,0
386,0,3,1,1.0,CA 2144,46.9,S,7
387,1,2,0,36.0,27849,13.0,S,0
388,0,3,1,29.69911764705882,367655,7.7292,Q,0
389,1,2,0,17.0,SC 1748,12.0,C,0
390,1,1,1,36.0,113760,120.0,S,3
391,1,3,1,21.0,350034,7.7958,S,0
392,0,3,1,28.0,3101277,7.925,S,2
393,1,1,0,23.0,35273,113.275,C,1
394,1,3,0,24.0,PP 9549,16.7,S,2
395,0,3,1,22.0,350052,7.7958,S,0
396,0,3,0,31.0,350407,7.8542,S,0
397,0,2,1,46.0,28403,26.0,S,0
398,0,2,1,23.0,244278,10.5,S,0
399,1,2,0,28.0,240929,12.65,S,0
400,1,3,1,39.0,STON/O 2. 3101289,7.925,S,0
401,0,3,1,26.0,341826,8.05,S,0
402,0,3,0,21.0,4137,9.825,S,1
403,0,3,1,28.0,STON/O2. 3101279,15.85,S,1
404,0,3,0,20.0,315096,8.6625,S,0
405,0,2,1,34.0,28664,21.0,S,1
406,0,3,1,51.0,347064,7.75,S,0
407,1,2,1,3.0,29106,18.75,S,2
408,0,3,1,21.0,312992,7.775,S,0
409,0,3,0,29.69911764705882,4133,25.4667,S,4
410,0,3,1,29.69911764705882,349222,7.8958,S,0
411,0,3,1,29.69911764705882,394140,6.8583,Q,0
412,1,1,0,33.0,19928,90.0,Q,1
413,0,2,1,29.69911764705882,239853,0.0,S,0
414,1,3,1,44.0,STON/O 2. 3101269,7.925,S,0
415,0,3,0,29.69911764705882,343095,8.05,S,0
416,1,2,0,34.0,28220,32.5,S,2
417,1,2,0,18.0,250652,13.0,S,2
418,0,2,1,30.0,28228,13.0,S,0
419,0,3,0,10.0,345773,24.15,S,2
420,0,3,1,29.69911764705882,349254,7.8958,C,0
421,0,3,1,21.0,A/5. 13032,7.7333,Q,0
422,0,3,1,29.0,315082,7.875,S,0
423,0,3,0,28.0,347080,14.4,S,2
424,0,3,1,18.0,370129,20.2125,S,2
425,0,3,1,29.69911764705882,A/4. 34244,7.25,S,0
426,1,2,0,28.0,2003,26.0,S,1
427,1,2,0,19.0,250655,26.0,S,0
428,0,3,1,29.69911764705882,364851,7.75,Q,0
429,1,3,1,32.0,SOTON/O.Q. 392078,8.05,S,0
430,1,1,1,28.0,110564,26.55,S,0
431,1,3,0,29.69911764705882,376564,16.1,S,1
432,1,2,0,42.0,SC/AH 3085,26.0,S,1
433,0,3,1,17.0,STON/O 2. 3101274,7.125,S,0
434,0,1,1,50.0,13507,55.9,S,1
435,1,1,0,14.0,113760,120.0,S,3
436,0,3,0,21.0,W./C. 6608,34.375,S,4
437,1,2,0,24.0,29106,18.75,S,5
438,0,1,1,64.0,19950,263.0,S,5
439,0,2,1,31.0,C.A. 18723,10.5,S,0
440,1,2,0,45.0,F.C.C. 13529,26.25,S,2
441,0,3,1,20.0,345769,9.5,S,0
442,0,3,1,25.0,347076,7.775,S,1
443,1,2,0,28.0,230434,13.0,S,0
444,1,3,1,29.69911764705882,65306,8.1125,S,0
445,1,1,1,4.0,33638,81.8583,S,2
446,1,2,0,13.0,250644,19.5,S,1
447,1,1,1,34.0,113794,26.55,S,0
448,1,3,0,5.0,2666,19.2583,C,3
449,1,1,1,52.0,113786,30.5,S,0
450,0,2,1,36.0,C.A. 34651,27.75,S,3
451,0,3,1,29.69911764705882,65303,19.9667,S,1
452,0,1,1,30.0,113051,27.75,C,0
453,1,1,1,49.0,17453,89.1042,C,1
454,0,3,1,29.69911764705882,A/5 2817,8.05,S,0
455,1,3,1,29.0,349240,7.8958,C,0
456,0,1,1,65.0,13509,26.55,S,0
457,1,1,0,29.69911764705882,17464,51.8625,S,1
458,1,2,0,50.0,F.C.C. 13531,10.5,S,0
459,0,3,1,29.69911764705882,371060,7.75,Q,0
460,1,1,1,48.0,19952,26.55,S,0
461,0,3,1,34.0,364506,8.05,S,0
462,0,1,1,47.0,111320,38.5,S,0
463,0,2,1,48.0,234360,13.0,S,0
464,0,3,1,29.69911764705882,A/S 2816,8.05,S,0
465,0,3,1,38.0,SOTON/O.Q. 3101306,7.05,S,0
466,0,2,1,29.69911764705882,239853,0.0,S,0
467,0,1,1,56.0,113792,26.55,S,0
468,0,3,1,29.69911764705882,36209,7.725,Q,0
469,1,3,0,0.75,2666,19.2583,C,3
470,0,3,1,29.69911764705882,323592,7.25,S,0
471,0,3,1,38.0,315089,8.6625,S,0
472,1,2,0,33.0,C.A. 34651,27.75,S,3
473,1,2,0,23.0,SC/AH Basle 541,13.7917,C,0
474,0,3,0,22.0,7553,9.8375,S,0
475,0,1,1,29.69911764705882,110465,52.0,S,0
476,0,2,1,34.0,31027,21.0,S,1
477,0,3,1,29.0,3460,7.0458,S,1
478,0,3,1,22.0,350060,7.5208,S,0
479,1,3,0,2.0,3101298,12.2875,S,1
480,0,3,1,9.0,CA 2144,46.9,S,7
481,0,2,1,29.69911764705882,239854,0.0,S,0
482,0,3,1,50.0,A/5 3594,8.05,S,0
483,1,3,0,63.0,4134,9.5875,S,0
484,1,1,1,25.0,11967,91.0792,C,1
485,0,3,0,29.69911764705882,4133,25.4667,S,4
486,1,1,0,35.0,19943,90.0,S,1
487,0,1,1,58.0,11771,29.7,C,0
488,0,3,1,30.0,A.5. 18509,8.05,S,0
489,1,3,1,9.0,C.A. 37671,15.9,S,2
490,0,3,1,29.69911764705882,65304,19.9667,S,1
491,0,3,1,21.0,SOTON/OQ 3101317,7.25,S,0
492,0,1,1,55.0,113787,30.5,S,0
493,0,1,1,71.0,PC 17609,49.5042,C,0
494,0,3,1,21.0,A/4 45380,8.05,S,0
495,0,3,1,29.69911764705882,2627,14.4583,C,0
496,1,1,0,54.0,36947,78.2667,C,1
497,0,3,1,29.69911764705882,C.A. 6212,15.1,S,0
498,0,1,0,25.0,113781,151.55,S,3
499,0,3,1,24.0,350035,7.7958,S,0
500,0,3,1,17.0,315086,8.6625,S,0
501,0,3,0,21.0,364846,7.75,Q,0
502,0,3,0,29.69911764705882,330909,7.6292,Q,0
503,0,3,0,37.0,4135,9.5875,S,0
504,1,1,0,16.0,110152,86.5,S,0
505,0,1,1,18.0,PC 17758,108.9,C,1
506,1,2,0,33.0,26360,26.0,S,2
507,1,1,1,29.69911764705882,111427,26.55,S,0
508,0,3,1,28.0,C 4001,22.525,S,0
509,1,3,1,26.0,1601,56.4958,S,0
510,1,3,1,29.0,382651,7.75,Q,0
511,0,3,1,29.69911764705882,SOTON/OQ 3101316,8.05,S,0
512,1,1,1,36.0,PC 17473,26.2875,S,0
513,1,1,0,54.0,PC 17603,59.4,C,1
514,0,3,1,24.0,349209,7.4958,S,0
515,0,1,1,47.0,36967,34.0208,S,0
516,1,2,0,34.0,C.A. 34260,10.5,S,0
517,0,3,1,29.69911764705882,371110,24.15,Q,0
518,1,2,0,36.0,226875,26.0,S,1
519,0,3,1,32.0,349242,7.8958,S,0
520,1,1,0,30.0,12749,93.5,S,0
521,0,3,1,22.0,349252,7.8958,S,0
522,0,3,1,29.69911764705882,2624,7.225,C,0
523,1,1,0,44.0,111361,57.9792,C,1
524,0,3,1,29.69911764705882,2700,7.2292,C,0
525,0,3,1,40.5,367232,7.75,Q,0
526,1,2,0,50.0,W./C. 14258,10.5,S,0
527,0,1,1,29.69911764705882,PC 17483,221.7792,S,0
528,0,3,1,39.0,3101296,7.925,S,0
529,0,2,1,23.0,29104,11.5,S,3
530,1,2,0,2.0,26360,26.0,S,2
531,0,3,1,29.69911764705882,2641,7.2292,C,0
532,0,3,1,17.0,2690,7.2292,C,2
533,1,3,0,29.69911764705882,2668,22.3583,C,2
534,0,3,0,30.0,315084,8.6625,S,0
535,1,2,0,7.0,F.C.C. 13529,26.25,S,2
536,0,1,1,45.0,113050,26.55,S,0
537,1,1,0,30.0,PC 17761,106.425,C,0
538,0,3,1,29.69911764705882,364498,14.5,S,0
539,1,1,0,22.0,13568,49.5,C,2
540,1,1,0,36.0,WE/P 5735,71.0,S,2
541,0,3,0,9.0,347082,31.275,S,6
542,0,3,0,11.0,347082,31.275,S,6
543,1,2,1,32.0,2908,26.0,S,1
544,0,1,1,50.0,PC 17761,106.425,C,1
545,0,1,1,64.0,693,26.0,S,0
546,1,2,0,19.0,2908,26.0,S,1
547,1,2,1,29.69911764705882,SC/PARIS 2146,13.8625,C,0
548,0,3,1,33.0,363291,20.525,S,2
549,1,2,1,8.0,C.A. 33112,36.75,S,2
550,1,1,1,17.0,17421,110.8833,C,2
551,0,2,1,27.0,244358,26.0,S,0
552,0,3,1,29.69911764705882,330979,7.8292,Q,0
553,1,3,1,22.0,2620,7.225,C,0
554,1,3,0,22.0,347085,7.775,S,0
555,0,1,1,62.0,113807,26.55,S,0
556,1,1,0,48.0,11755,39.6,C,1
557,0,1,1,29.69911764705882,PC 17757,227.525,C,0
558,1,1,0,39.0,110413,79.65,S,2
559,1,3,0,36.0,345572,17.4,S,1
560,0,3,1,29.69911764705882,372622,7.75,Q,0
561,0,3,1,40.0,349251,7.8958,S,0
562,0,2,1,28.0,218629,13.5,S,0
563,0,3,1,29.69911764705882,SOTON/OQ 392082,8.05,S,0
564,0,3,0,29.69911764705882,SOTON/O.Q. 392087,8.05,S,0
565,0,3,1,24.0,A/4 48871,24.15,S,2
566,0,3,1,19.0,349205,7.8958,S,0
567,0,3,0,29.0,349909,21.075,S,4
568,0,3,1,29.69911764705882,2686,7.2292,C,0
569,1,3,1,32.0,350417,7.8542,S,0
570,1,2,1,62.0,S.W./PP 752,10.5,S,0
571,1,1,0,53.0,11769,51.4792,S,2
572,1,1,1,36.0,PC 17474,26.3875,S,0
573,1,3,0,29.69911764705882,14312,7.75,Q,0
574,0,3,1,16.0,A/4. 20589,8.05,S,0
575,0,3,1,19.0,358585,14.5,S,0
576,1,2,0,34.0,243880,13.0,S,0
577,1,1,0,39.0,13507,55.9,S,1
578,0,3,0,29.69911764705882,2689,14.4583,C,1
579,1,3,1,32.0,STON/O 2. 3101286,7.925,S,0
580,1,2,0,25.0,237789,30.0,S,2
581,1,1,0,39.0,17421,110.8833,C,2
582,0,2,1,54.0,28403,26.0,S,0
583,0,1,1,36.0,13049,40.125,C,0
584,0,3,1,29.69911764705882,3411,8.7125,C,0
585,1,1,0,18.0,110413,79.65,S,2
586,0,2,1,47.0,237565,15.0,S,0
587,1,1,1,60.0,13567,79.2,C,2
588,0,3,1,22.0,14973,8.05,S,0
589,0,3,1,29.69911764705882,A./5. 3235,8.05,S,0
590,0,3,1,35.0,STON/O 2. 3101273,7.125,S,0
591,1,1,0,52.0,36947,78.2667,C,1
592,0,3,1,47.0,A/5 3902,7.25,S,0
593,0,3,0,29.69911764705882,364848,7.75,Q,2
594,0,2,1,37.0,SC/AH 29037,26.0,S,1
595,0,3,1,36.0,345773,24.15,S,2
596,1,2,0,29.69911764705882,248727,33.0,S,0
597,0,3,1,49.0,LINE,0.0,S,0
598,0,3,1,29.69911764705882,2664,7.225,C,0
599,1,1,1,49.0,PC 17485,56.9292,C,1
600,1,2,0,24.0,243847,27.0,S,3
601,0,3,1,29.69911764705882,349214,7.8958,S,0
602,0,1,1,29.69911764705882,113796,42.4,S,0
603,0,3,1,44.0,364511,8.05,S,0
604,1,1,1,35.0,111426,26.55,C,0
605,0,3,1,36.0,349910,15.55,S,1
606,0,3,1,30.0,349246,7.8958,S,0
607,1,1,1,27.0,113804,30.5,S,0
608,1,2,0,22.0,SC/Paris 2123,41.5792,C,3
609,1,1,0,40.0,PC 17582,153.4625,S,0
610,0,3,0,39.0,347082,31.275,S,6
611,0,3,1,29.69911764705882,SOTON/O.Q. 3101305,7.05,S,0
612,1,3,0,29.69911764705882,367230,15.5,Q,1
613,0,3,1,29.69911764705882,370377,7.75,Q,0
614,0,3,1,35.0,364512,8.05,S,0
615,1,2,0,24.0,220845,65.0,S,3
616,0,3,1,34.0,347080,14.4,S,2
617,0,3,0,26.0,A/5. 3336,16.1,S,1
618,1,2,0,4.0,230136,39.0,S,3
619,0,2,1,26.0,31028,10.5,S,0
620,0,3,1,27.0,2659,14.4542,C,1
621,1,1,1,42.0,11753,52.5542,S,1
622,1,3,1,20.0,2653,15.7417,C,2
623,0,3,1,21.0,350029,7.8542,S,0
624,0,3,1,21.0,54636,16.1,S,0
625,0,1,1,61.0,36963,32.3208,S,0
626,0,2,1,57.0,219533,12.35,Q,0
627,1,1,0,21.0,13502,77.9583,S,0
628,0,3,1,26.0,349224,7.8958,S,0
629,0,3,1,29.69911764705882,334912,7.7333,Q,0
630,1,1,1,80.0,27042,30.0,S,0
631,0,3,1,51.0,347743,7.0542,S,0
632,1,1,1,32.0,13214,30.5,C,0
633,0,1,1,29.69911764705882,112052,0.0,S,0
634,0,3,0,9.0,347088,27.9,S,5
635,1,2,0,28.0,237668,13.0,S,0
636,0,3,1,32.0,STON/O 2. 3101292,7.925,S,0
637,0,2,1,31.0,C.A. 31921,26.25,S,2
638,0,3,0,41.0,3101295,39.6875,S,5
639,0,3,1,29.69911764705882,376564,16.1,S,1
640,0,3,1,20.0,350050,7.8542,S,0
641,1,1,0,24.0,PC 17477,69.3,C,0
642,0,3,0,2.0,347088,27.9,S,5
643,1,3,1,29.69911764705882,1601,56.4958,S,0
644,1,3,0,0.75,2666,19.2583,C,3
645,1,1,1,48.0,PC 17572,76.7292,C,1
646,0,3,1,19.0,349231,7.8958,S,0
647,1,1,1,56.0,13213,35.5,C,0
648,0,3,1,29.69911764705882,S.O./P.P. 751,7.55,S,0
649,1,3,0,23.0,CA. 2314,7.55,S,0
650,0,3,1,29.69911764705882,349221,7.8958,S,0
651,1,2,0,18.0,231919,23.0,S,1
652,0,3,1,21.0,8475,8.4333,S,0
653,1,3,0,29.69911764705882,330919,7.8292,Q,0
654,0,3,0,18.0,365226,6.75,Q,0
655,0,2,1,24.0,S.O.C. 14879,73.5,S,2
656,0,3,1,29.69911764705882,349223,7.8958,S,0
657,0,3,0,32.0,364849,15.5,Q,2
658,0,2,1,23.0,29751,13.0,S,0
659,0,1,1,58.0,35273,113.275,C,2
660,1,1,1,50.0,PC 17611,133.65,S,2
661,0,3,1,40.0,2623,7.225,C,0
662,0,1,1,47.0,5727,25.5875,S,0
663,0,3,1,36.0,349210,7.4958,S,0
664,1,3,1,20.0,STON/O 2. 3101285,7.925,S,1
665,0,2,1,32.0,S.O.C. 14879,73.5,S,2
666,0,2,1,25.0,234686,13.0,S,0
667,0,3,1,29.69911764705882,312993,7.775,S,0
668,0,3,1,43.0,A/5 3536,8.05,S,0
669,1,1,0,29.69911764705882,19996,52.0,S,1
670,1,2,0,40.0,29750,39.0,S,2
671,0,1,1,31.0,F.C. 12750,52.0,S,1
672,0,2,1,70.0,C.A. 24580,10.5,S,0
673,1,2,1,31.0,244270,13.0,S,0
674,0,2,1,29.69911764705882,239856,0.0,S,0
675,0,3,1,18.0,349912,7.775,S,0
676,0,3,1,24.5,342826,8.05,S,0
677,1,3,0,18.0,4138,9.8417,S,0
678,0,3,0,43.0,CA 2144,46.9,S,7
679,1,1,1,36.0,PC 17755,512.3292,C,1
680,0,3,0,29.69911764705882,330935,8.1375,Q,0
681,1,1,1,27.0,PC 17572,76.7292,C,0
682,0,3,1,20.0,6563,9.225,S,0
683,0,3,1,14.0,CA 2144,46.9,S,7
684,0,2,1,60.0,29750,39.0,S,2
685,0,2,1,25.0,SC/Paris 2123,41.5792,C,3
686,0,3,1,14.0,3101295,39.6875,S,5
687,0,3,1,19.0,349228,10.1708,S,0
688,0,3,1,18.0,350036,7.7958,S,0
689,1,1,0,15.0,24160,211.3375,S,1
690,1,1,1,31.0,17474,57.0,S,1
691,1,3,0,4.0,349256,13.4167,C,1
692,1,3,1,29.69911764705882,1601,56.4958,S,0
693,0,3,1,25.0,2672,7.225,C,0
694,0,1,1,60.0,113800,26.55,S,0
695,0,2,1,52.0,248731,13.5,S,0
696,0,3,1,44.0,363592,8.05,S,0
697,1,3,0,29.69911764705882,35852,7.7333,Q,0
698,0,1,1,49.0,17421,110.8833,C,2
699,0,3,1,42.0,348121,7.65,S,0
700,1,1,0,18.0,PC 17757,227.525,C,1
701,1,1,1,35.0,PC 17475,26.2875,S,0
702,0,3,0,18.0,2691,14.4542,C,1
703,0,3,1,25.0,36864,7.7417,Q,0
704,0,3,1,26.0,350025,7.8542,S,1
705,0,2,1,39.0,250655,26.0,S,0
706,1,2,0,45.0,223596,13.5,S,0
707,1,1,1,42.0,PC 17476,26.2875,S,0
708,1,1,0,22.0,113781,151.55,S,0
709,1,3,1,29.69911764705882,2661,15.2458,C,2
710,1,1,0,24.0,PC 17482,49.5042,C,0
711,0,1,1,29.69911764705882,113028,26.55,S,0
712,1,1,1,48.0,19996,52.0,S,1
713,0,3,1,29.0,7545,9.4833,S,0
714,0,2,1,52.0,250647,13.0,S,0
715,0,3,1,19.0,348124,7.65,S,0
716,1,1,0,38.0,PC 17757,227.525,C,0
717,1,2,0,27.0,34218,10.5,S,0
718,0,3,1,29.69911764705882,36568,15.5,Q,0
719,0,3,1,33.0,347062,7.775,S,0
720,1,2,0,6.0,248727,33.0,S,1
721,0,3,1,17.0,350048,7.0542,S,1
722,0,2,1,34.0,12233,13.0,S,0
723,0,2,1,50.0,250643,13.0,S,0
724,1,1,1,27.0,113806,53.1,S,1
725,0,3,1,20.0,315094,8.6625,S,0
726,1,2,0,30.0,31027,21.0,S,3
727,1,3,0,29.69911764705882,36866,7.7375,Q,0
728,0,2,1,25.0,236853,26.0,S,1
729,0,3,0,25.0,STON/O2. 3101271,7.925,S,1
730,1,1,0,29.0,24160,211.3375,S,0
731,0,3,1,11.0,2699,18.7875,C,0
732,0,2,1,29.69911764705882,239855,0.0,S,0
733,0,2,1,23.0,28425,13.0,S,0
734,0,2,1,23.0,233639,13.0,S,0
735,0,3,1,28.5,54636,16.1,S,0
736,0,3,0,48.0,W./C. 6608,34.375,S,4
737,1,1,1,35.0,PC 17755,512.3292,C,0
738,0,3,1,29.69911764705882,349201,7.8958,S,0
739,0,3,1,29.69911764705882,349218,7.8958,S,0
740,1,1,1,29.69911764705882,16988,30.0,S,0
741,0,1,1,36.0,19877,78.85,S,1
742,1,1,0,21.0,PC 17608,262.375,C,4
743,0,3,1,24.0,376566,16.1,S,1
744,1,3,1,31.0,STON/O 2. 3101288,7.925,S,0
745,0,1,1,70.0,WE/P 5735,71.0,S,2
746,0,3,1,16.0,C.A. 2673,20.25,S,2
747,1,2,0,30.0,250648,13.0,S,0
748,0,1,1,19.0,113773,53.1,S,1
749,0,3,1,31.0,335097,7.75,Q,0
750,1,2,0,4.0,29103,23.0,S,2
751,1,3,1,6.0,392096,12.475,S,1
752,0,3,1,33.0,345780,9.5,S,0
753,0,3,1,23.0,349204,7.8958,S,0
754,1,2,0,48.0,220845,65.0,S,3
755,1,2,1,0.67,250649,14.5,S,2
756,0,3,1,28.0,350042,7.7958,S,0
757,0,2,1,18.0,29108,11.5,S,0
758,0,3,1,34.0,363294,8.05,S,0
759,1,1,0,33.0,110152,86.5,S,0
760,0,3,1,29.69911764705882,358585,14.5,S,0
761,0,3,1,41.0,SOTON/O2 3101272,7.125,S,0
762,1,3,1,20.0,2663,7.2292,C,0
763,1,1,0,36.0,113760,120.0,S,3
764,0,3,1,16.0,347074,7.775,S,0
765,1,1,0,51.0,13502,77.9583,S,1
766,0,1,1,29.69911764705882,112379,39.6,C,0
767,0,3,0,30.5,364850,7.75,Q,0
768,0,3,1,29.69911764705882,371110,24.15,Q,1
769,0,3,1,32.0,8471,8.3625,S,0
770,0,3,1,24.0,345781,9.5,S,0
771,0,3,1,48.0,350047,7.8542,S,0
772,0,2,0,57.0,S.O./P.P. 3,10.5,S,0
773,0,3,1,29.69911764705882,2674,7.225,C,0
774,1,2,0,54.0,29105,23.0,S,4
775,0,3,1,18.0,347078,7.75,S,0
776,0,3,1,29.69911764705882,383121,7.75,Q,0
777,1,3,0,5.0,364516,12.475,S,0
778,0,3,1,29.69911764705882,36865,7.7375,Q,0
779,1,1,0,43.0,24160,211.3375,S,1
780,1,3,0,13.0,2687,7.2292,C,0
781,1,1,0,17.0,17474,57.0,S,1
782,0,1,1,29.0,113501,30.0,S,0
783,0,3,1,29.69911764705882,W./C. 6607,23.45,S,3
784,0,3,1,25.0,SOTON/O.Q. 3101312,7.05,S,0
785,0,3,1,25.0,374887,7.25,S,0
786,1,3,0,18.0,3101265,7.4958,S,0
787,0,3,1,8.0,382652,29.125,Q,5
788,1,3,1,1.0,C.A. 2315,20.575,S,3
789,0,1,1,46.0,PC 17593,79.2,C,0
790,0,3,1,29.69911764705882,12460,7.75,Q,0
791,0,2,1,16.0,239865,26.0,S,0
792,0,3,0,29.69911764705882,CA. 2343,69.55,S,10
793,0,1,1,29.69911764705882,PC 17600,30.6958,C,0
794,0,3,1,25.0,349203,7.8958,S,0
795,0,2,1,39.0,28213,13.0,S,0
796,1,1,0,49.0,17465,25.9292,S,0
797,1,3,0,31.0,349244,8.6833,S,0
798,0,3,1,30.0,2685,7.2292,C,0
799,0,3,0,30.0,345773,24.15,S,2
800,0,2,1,34.0,250647,13.0,S,0
801,1,2,0,31.0,C.A. 31921,26.25,S,2
802,1,1,1,11.0,113760,120.0,S,3
803,1,3,1,0.42,2625,8.5167,C,1
804,1,3,1,27.0,347089,6.975,S,0
805,0,3,1,31.0,347063,7.775,S,0
806,0,1,1,39.0,112050,0.0,S,0
807,0,3,0,18.0,347087,7.775,S,0
808,0,2,1,39.0,248723,13.0,S,0
809,1,1,0,33.0,113806,53.1,S,1
810,0,3,1,26.0,3474,7.8875,S,0
811,0,3,1,39.0,A/4 48871,24.15,S,0
812,0,2,1,35.0,28206,10.5,S,0
813,0,3,0,6.0,347082,31.275,S,6
814,0,3,1,30.5,364499,8.05,S,0
815,0,1,1,29.69911764705882,112058,0.0,S,0
816,0,3,0,23.0,STON/O2. 3101290,7.925,S,0
817,0,2,1,31.0,S.C./PARIS 2079,37.0042,C,2
818,0,3,1,43.0,C 7075,6.45,S,0
819,0,3,1,10.0,347088,27.9,S,5
820,1,1,0,52.0,12749,93.5,S,2
821,1,3,1,27.0,315098,8.6625,S,0
822,0,1,1,38.0,19972,0.0,S,0
823,1,3,0,27.0,392096,12.475,S,1
824,0,3,1,2.0,3101295,39.6875,S,5
825,0,3,1,29.69911764705882,368323,6.95,Q,0
826,0,3,1,29.69911764705882,1601,56.4958,S,0
827,1,2,1,1.0,S.C./PARIS 2079,37.0042,C,2
828,1,3,1,29.69911764705882,367228,7.75,Q,0
829,1,1,0,62.0,113572,80.0,S,0
830,1,3,0,15.0,2659,14.4542,C,1
831,1,2,1,0.83,29106,18.75,S,2
832,0,3,1,29.69911764705882,2671,7.2292,C,0
833,0,3,1,23.0,347468,7.8542,S,0
834,0,3,1,18.0,2223,8.3,S,0
835,1,1,0,39.0,PC 17756,83.1583,C,2
836,0,3,1,21.0,315097,8.6625,S,0
837,0,3,1,29.69911764705882,392092,8.05,S,0
838,1,3,1,32.0,1601,56.4958,S,0
839,1,1,1,29.69911764705882,11774,29.7,C,0
840,0,3,1,20.0,SOTON/O2 3101287,7.925,S,0
841,0,2,1,16.0,S.O./P.P. 3,10.5,S,0
842,1,1,0,30.0,113798,31.0,C,0
843,0,3,1,34.5,2683,6.4375,C,0
844,0,3,1,17.0,315090,8.6625,S,0
845,0,3,1,42.0,C.A. 5547,7.55,S,0
846,0,3,1,29.69911764705882,CA. 2343,69.55,S,10
847,0,3,1,35.0,349213,7.8958,C,0
848,0,2,1,28.0,248727,33.0,S,1
849,1,1,0,29.69911764705882,17453,89.1042,C,1
850,0,3,1,4.0,347082,31.275,S,6
851,0,3,1,74.0,347060,7.775,S,0
852,0,3,0,9.0,2678,15.2458,C,2
853,1,1,0,16.0,PC 17592,39.4,S,1
854,0,2,0,44.0,244252,26.0,S,1
855,1,3,0,18.0,392091,9.35,S,1
856,1,1,0,45.0,36928,164.8667,S,2
857,1,1,1,51.0,113055,26.55,S,0
858,1,3,0,24.0,2666,19.2583,C,3
859,0,3,1,29.69911764705882,2629,7.2292,C,0
860,0,3,1,41.0,350026,14.1083,S,2
861,0,2,1,21.0,28134,11.5,S,1
862,1,1,0,48.0,17466,25.9292,S,0
863,0,3,0,29.69911764705882,CA. 2343,69.55,S,10
864,0,2,1,24.0,233866,13.0,S,0
865,1,2,0,42.0,236852,13.0,S,0
866,1,2,0,27.0,SC/PARIS 2149,13.8583,C,1
867,0,1,1,31.0,PC 17590,50.4958,S,0
868,0,3,1,29.69911764705882,345777,9.5,S,0
869,1,3,1,4.0,347742,11.1333,S,2
870,0,3,1,26.0,349248,7.8958,S,0
871,1,1,0,47.0,11751,52.5542,S,2
872,0,1,1,33.0,695,5.0,S,0
873,0,3,1,47.0,345765,9.0,S,0
874,1,2,0,28.0,P/PP 3381,24.0,C,1
875,1,3,0,15.0,2667,7.225,C,0
876,0,3,1,20.0,7534,9.8458,S,0
877,0,3,1,19.0,349212,7.8958,S,0
878,0,3,1,29.69911764705882,349217,7.8958,S,0
879,1,1,0,56.0,11767,83.1583,C,1
880,1,2,0,25.0,230433,26.0,S,1
881,0,3,1,33.0,349257,7.8958,S,0
882,0,3,0,22.0,7552,10.5167,S,0
883,0,2,1,28.0,C.A./SOTON 34068,10.5,S,0
884,0,3,1,25.0,SOTON/OQ 392076,7.05,S,0
885,0,3,0,39.0,382652,29.125,Q,5
886,0,2,1,27.0,211536,13.0,S,0
887,1,1,0,19.0,112053,30.0,S,0
888,0,3,0,29.69911764705882,W./C. 6607,23.45,S,3
889,1,1,1,26.0,111369,30.0,C,0
890,0,3,1,32.0,370376,7.75,Q,0
